{
  "info" : {
    "author" : "xcode",
    "version" : 1
  },
  "properties" : {
    "frame-center" : {
      "x" : 80.039999999999992,
      "y" : 80.039999999999992
    },
    "frame-size" : {
      "height" : 160.07999999999998,
      "width" : 160.07999999999998
    }
  }
}
