{
  "info" : {
    "author" : "xcode",
    "version" : 1
  },
  "properties" : {
    "frame-center" : {
      "x" : 80.040000915527344,
      "y" : 80.040000915527344
    },
    "frame-size" : {
      "height" : 160.08000183105469,
      "width" : 160.08000183105469
    }
  }
}
